{"cameraMode":{"drawMode":0,"name":"Shaded","section":"Shading Mode"},"sceneLighting":true,"audioPlay":false,"sceneViewState":{"m_AlwaysRefresh":false,"showFog":true,"showSkybox":true,"showFlares":true,"showImageEffects":true,"showParticleSystems":true,"showVisualEffectGraphs":true,"m_FxEnabled":true},"in2DMode":false,"pivot":{"x":3.0381240844726564,"y":-2.241727828979492,"z":1.5227928161621094},"rotation":{"x":0.17800591886043549,"y":-0.26639068126678469,"z":0.050128400325775149,"w":0.9459581971168518},"size":35.28702926635742,"orthographic":true}